{
  "results": [
    {
      "command": "pdfbox-preflight",
      "mean": 0.37135223413333335,
      "stddev": 0.011869538523299895,
      "median": 0.36864793100000004,
      "user": 0.9068904666666667,
      "system": 0.0853876,
      "min": 0.35582911300000003,
      "max": 0.39433301600000004,
      "times": [
        0.36098657100000003,
        0.39433301600000004,
        0.35582911300000003,
        0.36607072500000004,
        0.37656331600000004,
        0.36184014400000003,
        0.38506774400000005,
        0.36864793100000004,
        0.372344333,
        0.35623389800000005,
        0.38273860600000004,
        0.378344579,
        0.36675121200000005,
        0.35953855500000004,
        0.38499376900000004
      ],
      "memory_usage_byte": [
        83841024,
        83841024,
        83841024,
        84217856,
        84217856,
        84217856,
        84271104,
        84271104,
        84271104,
        84402176,
        84402176,
        84402176,
        84402176,
        84402176,
        84402176
      ],
      "exit_codes": [
        255,
        255,
        255,
        255,
        255,
        255,
        255,
        255,
        255,
        255,
        255,
        255,
        255,
        255,
        255
      ]
    }
  ]
}
