{
  "results": [
    {
      "command": "veraPDF",
      "mean": 1.1491273260666666,
      "stddev": 0.031722439096466874,
      "median": 1.142763137,
      "user": 5.569416266666667,
      "system": 0.32361893333333325,
      "min": 1.089432439,
      "max": 1.20077698,
      "times": [
        1.189602986,
        1.19450982,
        1.20077698,
        1.1431209469999999,
        1.167722587,
        1.142763137,
        1.11669588,
        1.140527152,
        1.133225118,
        1.15794992,
        1.131582771,
        1.115869934,
        1.176007561,
        1.137122659,
        1.089432439
      ],
      "memory_usage_byte": [
        211451904,
        211451904,
        211451904,
        211451904,
        214159360,
        214159360,
        214159360,
        214159360,
        214159360,
        214159360,
        214409216,
        214409216,
        214409216,
        214409216,
        214409216
      ],
      "exit_codes": [
        1,
        1,
        1,
        1,
        1,
        1,
        1,
        1,
        1,
        1,
        1,
        1,
        1,
        1,
        1
      ]
    }
  ]
}
