{
  "results": [
    {
      "command": "js-mupdf",
      "mean": 0.11703286450000001,
      "stddev": 0.0038307296776501553,
      "median": 0.1174225485,
      "user": 0.11229674999999996,
      "system": 0.0376935,
      "min": 0.110959813,
      "max": 0.12498387300000001,
      "times": [
        0.12216697600000001,
        0.112031528,
        0.11575334200000001,
        0.11923538300000001,
        0.11323197500000001,
        0.11357447700000001,
        0.11131830100000001,
        0.112925047,
        0.120149506,
        0.11671835600000001,
        0.118595711,
        0.12352837700000001,
        0.11833605200000001,
        0.11345063100000001,
        0.11856073500000001,
        0.114000004,
        0.11784161700000001,
        0.110959813,
        0.116069457,
        0.119089813,
        0.12100653700000001,
        0.118257757,
        0.11700348,
        0.12498387300000001
      ],
      "memory_usage_byte": [
        97394688,
        98136064,
        98136064,
        98136064,
        98594816,
        98594816,
        98594816,
        98594816,
        98594816,
        98594816,
        98594816,
        98594816,
        98594816,
        99991552,
        99991552,
        99991552,
        99991552,
        99991552,
        99991552,
        99991552,
        99991552,
        99991552,
        99991552,
        99991552
      ],
      "exit_codes": [
        0,
        0,
        0,
        0,
        0,
        0,
        0,
        0,
        0,
        0,
        0,
        0,
        0,
        0,
        0,
        0,
        0,
        0,
        0,
        0,
        0,
        0,
        0,
        0
      ]
    }
  ]
}
