{
  "results": [
    {
      "command": "pdfbox-preflight",
      "mean": 0.37571711360000004,
      "stddev": 0.0132171880942036,
      "median": 0.37385084,
      "user": 0.9395048666666667,
      "system": 0.08237626666666667,
      "min": 0.35855458900000003,
      "max": 0.402387347,
      "times": [
        0.376679668,
        0.36950900000000003,
        0.35855458900000003,
        0.39141452600000004,
        0.378520917,
        0.367392786,
        0.375308721,
        0.389052037,
        0.39439737300000005,
        0.402387347,
        0.37385084,
        0.360157769,
        0.370692998,
        0.363333079,
        0.364505054
      ],
      "memory_usage_byte": [
        83845120,
        83845120,
        83935232,
        83935232,
        84348928,
        84348928,
        84348928,
        84348928,
        84348928,
        84348928,
        84348928,
        84348928,
        84348928,
        84348928,
        84348928
      ],
      "exit_codes": [
        255,
        255,
        255,
        255,
        255,
        255,
        255,
        255,
        255,
        255,
        255,
        255,
        255,
        255,
        255
      ]
    }
  ]
}
