{
  "results": [
    {
      "command": "js-mupdf",
      "mean": 0.13478725266666666,
      "stddev": 0.004450563269476541,
      "median": 0.133888065,
      "user": 0.146887619047619,
      "system": 0.04651919047619047,
      "min": 0.127629257,
      "max": 0.147569376,
      "times": [
        0.137011606,
        0.136456812,
        0.134078688,
        0.138478976,
        0.13363598100000001,
        0.140974387,
        0.13089756900000002,
        0.138140635,
        0.127629257,
        0.13142234,
        0.133888065,
        0.134447539,
        0.133515202,
        0.12872402100000002,
        0.135198487,
        0.138445982,
        0.133851939,
        0.130059639,
        0.147569376,
        0.133413311,
        0.13269249400000002
      ],
      "memory_usage_byte": [
        104910848,
        104910848,
        104910848,
        105488384,
        105488384,
        105488384,
        105488384,
        105488384,
        105488384,
        105488384,
        105488384,
        105488384,
        105488384,
        105488384,
        105807872,
        105807872,
        105807872,
        105807872,
        105807872,
        105807872,
        105807872
      ],
      "exit_codes": [
        0,
        0,
        0,
        0,
        0,
        0,
        0,
        0,
        0,
        0,
        0,
        0,
        0,
        0,
        0,
        0,
        0,
        0,
        0,
        0,
        0
      ]
    }
  ]
}
