{
  "results": [
    {
      "command": "pdfbox-preflight",
      "mean": 1.2463417967333332,
      "stddev": 0.02453932079963052,
      "median": 1.2457285,
      "user": 7.915636199999999,
      "system": 0.4980168000000001,
      "min": 1.213355459,
      "max": 1.300381013,
      "times": [
        1.242630516,
        1.21728404,
        1.259228014,
        1.265177751,
        1.236200141,
        1.24715046,
        1.2591855459999999,
        1.2546196680000001,
        1.28020362,
        1.213355459,
        1.214730068,
        1.22889723,
        1.300381013,
        1.2457285,
        1.230354925
      ],
      "memory_usage_byte": [
        590589952,
        590589952,
        590589952,
        590589952,
        590589952,
        591327232,
        593113088,
        593113088,
        593113088,
        593113088,
        593113088,
        593113088,
        593113088,
        593113088,
        593113088
      ],
      "exit_codes": [
        255,
        255,
        255,
        255,
        255,
        255,
        255,
        255,
        255,
        255,
        255,
        255,
        255,
        255,
        255
      ]
    }
  ]
}
