{
  "results": [
    {
      "command": "js-mupdf",
      "mean": 0.13677358880952384,
      "stddev": 0.005021319024649954,
      "median": 0.13532516,
      "user": 0.14910595238095237,
      "system": 0.04774561904761905,
      "min": 0.13049934100000002,
      "max": 0.150498862,
      "times": [
        0.14153194800000002,
        0.139140527,
        0.150498862,
        0.134408261,
        0.134604519,
        0.13885361200000002,
        0.142630318,
        0.130761691,
        0.131575515,
        0.13950926300000002,
        0.144673675,
        0.13427614200000001,
        0.131548145,
        0.13532516,
        0.134974264,
        0.138031761,
        0.13684110200000002,
        0.13614594900000002,
        0.133241991,
        0.133173319,
        0.13049934100000002
      ],
      "memory_usage_byte": [
        104652800,
        104652800,
        104652800,
        104652800,
        104652800,
        104652800,
        105984000,
        105984000,
        105984000,
        105984000,
        105984000,
        105984000,
        105984000,
        105984000,
        105984000,
        105984000,
        105984000,
        105984000,
        105984000,
        105984000,
        105984000
      ],
      "exit_codes": [
        0,
        0,
        0,
        0,
        0,
        0,
        0,
        0,
        0,
        0,
        0,
        0,
        0,
        0,
        0,
        0,
        0,
        0,
        0,
        0,
        0
      ]
    }
  ]
}
