{
  "results": [
    {
      "command": "pdfbox-preflight",
      "mean": 0.2555792512,
      "stddev": 0.009303606983061092,
      "median": 0.252760132,
      "user": 0.528481,
      "system": 0.06516693333333332,
      "min": 0.24706307400000002,
      "max": 0.28430439500000004,
      "times": [
        0.252760132,
        0.254671296,
        0.258723066,
        0.252273142,
        0.261694451,
        0.25153588,
        0.24906148200000003,
        0.250601992,
        0.28430439500000004,
        0.24706307400000002,
        0.248013809,
        0.24752899800000003,
        0.25736432800000003,
        0.261718897,
        0.256373826
      ],
      "memory_usage_byte": [
        72208384,
        72208384,
        72208384,
        72208384,
        72208384,
        72208384,
        72265728,
        72384512,
        72384512,
        72384512,
        72384512,
        72384512,
        72384512,
        72384512,
        72384512
      ],
      "exit_codes": [
        255,
        255,
        255,
        255,
        255,
        255,
        255,
        255,
        255,
        255,
        255,
        255,
        255,
        255,
        255
      ]
    }
  ]
}
