{
  "results": [
    {
      "command": "veraPDF",
      "mean": 2.6722808604000003,
      "stddev": 0.032420091503194574,
      "median": 2.673682489,
      "user": 15.524131866666664,
      "system": 0.7803834666666668,
      "min": 2.6255272620000003,
      "max": 2.738966948,
      "times": [
        2.660729728,
        2.62730424,
        2.702303603,
        2.68733299,
        2.696098762,
        2.68121829,
        2.738966948,
        2.646046755,
        2.697254825,
        2.701574555,
        2.673682489,
        2.653645609,
        2.658040815,
        2.634486035,
        2.6255272620000003
      ],
      "memory_usage_byte": [
        786513920,
        786513920,
        786513920,
        786513920,
        788152320,
        788152320,
        788152320,
        788152320,
        788152320,
        788152320,
        788152320,
        788152320,
        788152320,
        788152320,
        788152320
      ],
      "exit_codes": [
        1,
        1,
        1,
        1,
        1,
        1,
        1,
        1,
        1,
        1,
        1,
        1,
        1,
        1,
        1
      ]
    }
  ]
}
