{
  "results": [
    {
      "command": "veraPDF",
      "mean": 1.1432737395333334,
      "stddev": 0.021700690266520085,
      "median": 1.141132873,
      "user": 5.5726075333333345,
      "system": 0.32259433333333326,
      "min": 1.11538034,
      "max": 1.187069581,
      "times": [
        1.128633978,
        1.141132873,
        1.1246532870000001,
        1.11538034,
        1.163544342,
        1.131488679,
        1.143527776,
        1.12474442,
        1.182561767,
        1.146938372,
        1.160323824,
        1.123833194,
        1.12901183,
        1.14626183,
        1.187069581
      ],
      "memory_usage_byte": [
        231538688,
        231538688,
        231538688,
        231538688,
        231538688,
        231538688,
        231538688,
        231538688,
        231538688,
        231538688,
        231538688,
        231538688,
        231538688,
        231538688,
        231538688
      ],
      "exit_codes": [
        1,
        1,
        1,
        1,
        1,
        1,
        1,
        1,
        1,
        1,
        1,
        1,
        1,
        1,
        1
      ]
    }
  ]
}
