{
  "results": [
    {
      "command": "pdfbox-preflight",
      "mean": 1.2535240606,
      "stddev": 0.02994637344511123,
      "median": 1.255489222,
      "user": 8.063887133333333,
      "system": 0.49392726666666675,
      "min": 1.194914701,
      "max": 1.299462787,
      "times": [
        1.194914701,
        1.228960479,
        1.203138564,
        1.253485082,
        1.299462787,
        1.237857178,
        1.255489222,
        1.277028549,
        1.24116482,
        1.27931255,
        1.238176389,
        1.286103786,
        1.274113543,
        1.257523486,
        1.276129773
      ],
      "memory_usage_byte": [
        579837952,
        581410816,
        581410816,
        587018240,
        587018240,
        587018240,
        587018240,
        587018240,
        587018240,
        587018240,
        587018240,
        587018240,
        587018240,
        587018240,
        587018240
      ],
      "exit_codes": [
        255,
        255,
        255,
        255,
        255,
        255,
        255,
        255,
        255,
        255,
        255,
        255,
        255,
        255,
        255
      ]
    }
  ]
}
