{
  "results": [
    {
      "command": "veraPDF",
      "mean": 2.6687740570666665,
      "stddev": 0.04229478205732545,
      "median": 2.66574864,
      "user": 15.598537933333334,
      "system": 0.7572346000000001,
      "min": 2.600726798,
      "max": 2.732528726,
      "times": [
        2.732528726,
        2.61875473,
        2.661474101,
        2.719879172,
        2.687542232,
        2.623971132,
        2.6789840810000003,
        2.66574864,
        2.6251117820000003,
        2.600726798,
        2.697578352,
        2.727691544,
        2.634975741,
        2.702579822,
        2.6540640030000002
      ],
      "memory_usage_byte": [
        775045120,
        775045120,
        777904128,
        777904128,
        777904128,
        777904128,
        777904128,
        777904128,
        777904128,
        777904128,
        777904128,
        777904128,
        777904128,
        777904128,
        777904128
      ],
      "exit_codes": [
        1,
        1,
        1,
        1,
        1,
        1,
        1,
        1,
        1,
        1,
        1,
        1,
        1,
        1,
        1
      ]
    }
  ]
}
