{
  "results": [
    {
      "command": "pdfbox-preflight",
      "mean": 1.2535800255333336,
      "stddev": 0.02491984887205046,
      "median": 1.259459374,
      "user": 7.995517066666666,
      "system": 0.4821776,
      "min": 1.196652988,
      "max": 1.289087764,
      "times": [
        1.2710757240000001,
        1.24812374,
        1.254701072,
        1.2645431980000001,
        1.2609496930000001,
        1.2412211930000001,
        1.196652988,
        1.266485759,
        1.215276399,
        1.269715004,
        1.229188297,
        1.285234376,
        1.259459374,
        1.251985802,
        1.289087764
      ],
      "memory_usage_byte": [
        584052736,
        587395072,
        587395072,
        596111360,
        596111360,
        596111360,
        596111360,
        596111360,
        596111360,
        596111360,
        596111360,
        596111360,
        596111360,
        596111360,
        596111360
      ],
      "exit_codes": [
        255,
        255,
        255,
        255,
        255,
        255,
        255,
        255,
        255,
        255,
        255,
        255,
        255,
        255,
        255
      ]
    }
  ]
}
