{
  "results": [
    {
      "command": "pdfbox-preflight",
      "mean": 0.3753446747333334,
      "stddev": 0.03596596940667228,
      "median": 0.38303115600000004,
      "user": 0.7163654666666666,
      "system": 0.08683586666666668,
      "min": 0.285348818,
      "max": 0.426599812,
      "times": [
        0.369608025,
        0.367103502,
        0.368632416,
        0.382607224,
        0.40568706000000004,
        0.38303115600000004,
        0.285348818,
        0.36656241900000003,
        0.392998208,
        0.38305361000000004,
        0.39735767200000005,
        0.426599812,
        0.404368547,
        0.30987657100000005,
        0.387335081
      ],
      "memory_usage_byte": [
        68038656,
        68038656,
        68038656,
        68038656,
        68038656,
        68038656,
        68038656,
        68038656,
        68038656,
        68038656,
        68038656,
        68038656,
        68038656,
        68038656,
        68038656
      ],
      "exit_codes": [
        255,
        255,
        255,
        255,
        255,
        255,
        255,
        255,
        255,
        255,
        255,
        255,
        255,
        255,
        255
      ]
    }
  ]
}
