{
  "results": [
    {
      "command": "pdfbox-preflight",
      "mean": 0.2551688320666667,
      "stddev": 0.009378680813700599,
      "median": 0.253378102,
      "user": 0.5298511333333333,
      "system": 0.06312066666666666,
      "min": 0.24532671500000003,
      "max": 0.28044914000000004,
      "times": [
        0.25326458300000004,
        0.253378102,
        0.24704150200000002,
        0.24532671500000003,
        0.24703022100000002,
        0.28044914000000004,
        0.261705933,
        0.24800336,
        0.26028014,
        0.24769163100000002,
        0.247577446,
        0.26509892700000004,
        0.259406864,
        0.25731227700000003,
        0.25396564
      ],
      "memory_usage_byte": [
        72122368,
        72122368,
        72122368,
        72122368,
        72122368,
        72122368,
        72122368,
        72122368,
        72122368,
        72122368,
        72122368,
        72122368,
        72339456,
        72343552,
        72343552
      ],
      "exit_codes": [
        255,
        255,
        255,
        255,
        255,
        255,
        255,
        255,
        255,
        255,
        255,
        255,
        255,
        255,
        255
      ]
    }
  ]
}
