{
  "results": [
    {
      "command": "veraPDF",
      "mean": 1.2203996990666668,
      "stddev": 0.035542739346270676,
      "median": 1.216750632,
      "user": 5.931699,
      "system": 0.35775213333333333,
      "min": 1.157696835,
      "max": 1.291915005,
      "times": [
        1.226413215,
        1.201500354,
        1.197594544,
        1.178112905,
        1.216750632,
        1.2300014670000001,
        1.291915005,
        1.284122729,
        1.249070186,
        1.216242701,
        1.219401089,
        1.195843971,
        1.157696835,
        1.207843239,
        1.233486614
      ],
      "memory_usage_byte": [
        225677312,
        225677312,
        225677312,
        225677312,
        226603008,
        226603008,
        228737024,
        228737024,
        228737024,
        228737024,
        228737024,
        228737024,
        228737024,
        228737024,
        237469696
      ],
      "exit_codes": [
        1,
        1,
        1,
        1,
        1,
        1,
        1,
        1,
        1,
        1,
        1,
        1,
        1,
        1,
        1
      ]
    }
  ]
}
