{
  "results": [
    {
      "command": "gopdfrab",
      "mean": 0.39257635866666674,
      "stddev": 0.02254036450280882,
      "median": 0.38962200900000005,
      "user": 0.4624384666666666,
      "system": 0.07410973333333333,
      "min": 0.34982693800000003,
      "max": 0.42367036100000005,
      "times": [
        0.372365834,
        0.40364567,
        0.401437674,
        0.41314205200000004,
        0.409879158,
        0.414230839,
        0.38962200900000005,
        0.38404016700000004,
        0.42367036100000005,
        0.36895925500000004,
        0.359598819,
        0.389192627,
        0.42023872700000003,
        0.38879525000000004,
        0.34982693800000003
      ],
      "memory_usage_byte": [
        85659648,
        85659648,
        85659648,
        85659648,
        85659648,
        85659648,
        85659648,
        85692416,
        85692416,
        85692416,
        85692416,
        85692416,
        85692416,
        85692416,
        85692416
      ],
      "exit_codes": [
        0,
        0,
        0,
        0,
        0,
        0,
        0,
        0,
        0,
        0,
        0,
        0,
        0,
        0,
        0
      ]
    }
  ]
}
