{
  "results": [
    {
      "command": "pdfbox-preflight",
      "mean": 0.5325058496666667,
      "stddev": 0.06479455339685886,
      "median": 0.555074054,
      "user": 1.1409384,
      "system": 0.11005553333333333,
      "min": 0.39423563500000003,
      "max": 0.624427959,
      "times": [
        0.474313637,
        0.555074054,
        0.47263735700000004,
        0.624427959,
        0.486932866,
        0.43611464400000005,
        0.586858608,
        0.5619570850000001,
        0.39423563500000003,
        0.5396511540000001,
        0.5899824330000001,
        0.5791651360000001,
        0.546495705,
        0.572953858,
        0.566787614
      ],
      "memory_usage_byte": [
        77754368,
        77840384,
        77840384,
        77840384,
        78241792,
        78241792,
        78241792,
        78241792,
        78618624,
        78618624,
        78618624,
        78618624,
        78618624,
        78618624,
        78618624
      ],
      "exit_codes": [
        255,
        255,
        255,
        255,
        255,
        255,
        255,
        255,
        255,
        255,
        255,
        255,
        255,
        255,
        255
      ]
    }
  ]
}
