{
  "results": [
    {
      "command": "veraPDF",
      "mean": 1.1399277336666667,
      "stddev": 0.020051752038652167,
      "median": 1.14637141,
      "user": 5.5378066,
      "system": 0.3254836666666666,
      "min": 1.101164712,
      "max": 1.169657655,
      "times": [
        1.111725455,
        1.130656535,
        1.14918264,
        1.169657655,
        1.101164712,
        1.1608473080000001,
        1.14637141,
        1.134878658,
        1.154657473,
        1.112506434,
        1.152833684,
        1.1260715430000001,
        1.1398274210000001,
        1.158282409,
        1.150252668
      ],
      "memory_usage_byte": [
        215633920,
        215633920,
        215633920,
        215633920,
        215633920,
        215633920,
        215633920,
        215633920,
        215633920,
        215633920,
        215633920,
        215633920,
        215633920,
        215633920,
        215633920
      ],
      "exit_codes": [
        1,
        1,
        1,
        1,
        1,
        1,
        1,
        1,
        1,
        1,
        1,
        1,
        1,
        1,
        1
      ]
    }
  ]
}
