{
  "results": [
    {
      "command": "veraPDF",
      "mean": 1.1462537720666668,
      "stddev": 0.024774271401658728,
      "median": 1.137554319,
      "user": 5.633483066666667,
      "system": 0.34333113333333337,
      "min": 1.108901285,
      "max": 1.188448517,
      "times": [
        1.120007136,
        1.171624396,
        1.137554319,
        1.184374993,
        1.16025404,
        1.135322719,
        1.153133505,
        1.174200839,
        1.134370307,
        1.108901285,
        1.1267536200000001,
        1.119776974,
        1.1465840250000001,
        1.132499906,
        1.188448517
      ],
      "memory_usage_byte": [
        218701824,
        220839936,
        220839936,
        220839936,
        220839936,
        220839936,
        220839936,
        220839936,
        220839936,
        220839936,
        220839936,
        220839936,
        220839936,
        220839936,
        220839936
      ],
      "exit_codes": [
        1,
        1,
        1,
        1,
        1,
        1,
        1,
        1,
        1,
        1,
        1,
        1,
        1,
        1,
        1
      ]
    }
  ]
}
