{
  "results": [
    {
      "command": "veraPDF",
      "mean": 1.2138101138000004,
      "stddev": 0.0240756124723168,
      "median": 1.21797616,
      "user": 5.943627266666667,
      "system": 0.3634052,
      "min": 1.146035816,
      "max": 1.240358968,
      "times": [
        1.226665554,
        1.204533939,
        1.216262619,
        1.2157416,
        1.178246403,
        1.220392817,
        1.240358968,
        1.218508003,
        1.236605597,
        1.213028949,
        1.231331103,
        1.21797616,
        1.232670408,
        1.208793771,
        1.146035816
      ],
      "memory_usage_byte": [
        221663232,
        227954688,
        227954688,
        230780928,
        230780928,
        233938944,
        233938944,
        233938944,
        233938944,
        233938944,
        233938944,
        233938944,
        233938944,
        246108160,
        246108160
      ],
      "exit_codes": [
        1,
        1,
        1,
        1,
        1,
        1,
        1,
        1,
        1,
        1,
        1,
        1,
        1,
        1,
        1
      ]
    }
  ]
}
