{
  "results": [
    {
      "command": "pdfbox-preflight",
      "mean": 0.36848334880000005,
      "stddev": 0.016048360800109948,
      "median": 0.36254004,
      "user": 0.9078087333333332,
      "system": 0.08488966666666667,
      "min": 0.354223027,
      "max": 0.40557999,
      "times": [
        0.36635171,
        0.35886076,
        0.402479538,
        0.35900153,
        0.35900749800000004,
        0.369633686,
        0.356376356,
        0.370606918,
        0.356393561,
        0.354223027,
        0.36254004,
        0.366844589,
        0.380948916,
        0.40557999,
        0.358402113
      ],
      "memory_usage_byte": [
        84406272,
        84406272,
        84406272,
        84406272,
        84406272,
        84406272,
        84406272,
        84406272,
        84418560,
        84418560,
        84418560,
        84418560,
        84418560,
        84418560,
        84418560
      ],
      "exit_codes": [
        255,
        255,
        255,
        255,
        255,
        255,
        255,
        255,
        255,
        255,
        255,
        255,
        255,
        255,
        255
      ]
    }
  ]
}
