{
  "results": [
    {
      "command": "js-mupdf",
      "mean": 0.11483846596000002,
      "stddev": 0.004524292557136435,
      "median": 0.1142659,
      "user": 0.10856887999999999,
      "system": 0.03825111999999999,
      "min": 0.107802484,
      "max": 0.12582115000000002,
      "times": [
        0.116254748,
        0.111246596,
        0.11083371,
        0.12020786800000001,
        0.11590187,
        0.11015907700000001,
        0.114601612,
        0.118322859,
        0.11646442300000001,
        0.122944492,
        0.110020161,
        0.12236385600000001,
        0.11368660200000001,
        0.117139641,
        0.113992276,
        0.1142659,
        0.115474686,
        0.10996188500000001,
        0.10973647,
        0.11105907000000001,
        0.107802484,
        0.11289672,
        0.115899997,
        0.113903496,
        0.12582115000000002
      ],
      "memory_usage_byte": [
        98332672,
        98332672,
        99016704,
        99016704,
        99016704,
        99016704,
        99016704,
        99016704,
        99016704,
        99016704,
        99016704,
        99016704,
        99016704,
        99016704,
        99016704,
        99016704,
        99016704,
        99016704,
        99016704,
        99016704,
        99016704,
        99233792,
        99233792,
        99233792,
        99233792
      ],
      "exit_codes": [
        0,
        0,
        0,
        0,
        0,
        0,
        0,
        0,
        0,
        0,
        0,
        0,
        0,
        0,
        0,
        0,
        0,
        0,
        0,
        0,
        0,
        0,
        0,
        0,
        0
      ]
    }
  ]
}
