{
  "results": [
    {
      "command": "js-mupdf",
      "mean": 0.1383756315714286,
      "stddev": 0.004988391269515822,
      "median": 0.13809921,
      "user": 0.1541492857142857,
      "system": 0.047311,
      "min": 0.130173706,
      "max": 0.150331292,
      "times": [
        0.142594933,
        0.133929417,
        0.135397027,
        0.130173706,
        0.13567463200000002,
        0.150331292,
        0.142159127,
        0.136067889,
        0.13834757,
        0.143839043,
        0.135609588,
        0.13882657,
        0.13809921,
        0.135747165,
        0.13964157800000002,
        0.14887175400000002,
        0.133682926,
        0.13861684400000002,
        0.136134805,
        0.132916152,
        0.139227035
      ],
      "memory_usage_byte": [
        104222720,
        104574976,
        104574976,
        104574976,
        104574976,
        104574976,
        104574976,
        104574976,
        104574976,
        104574976,
        104574976,
        106217472,
        106217472,
        106217472,
        106217472,
        106217472,
        106217472,
        106217472,
        106217472,
        106217472,
        106217472
      ],
      "exit_codes": [
        0,
        0,
        0,
        0,
        0,
        0,
        0,
        0,
        0,
        0,
        0,
        0,
        0,
        0,
        0,
        0,
        0,
        0,
        0,
        0,
        0
      ]
    }
  ]
}
