{
  "results": [
    {
      "command": "js-mupdf",
      "mean": 0.11635082112,
      "stddev": 0.003942351916225244,
      "median": 0.11519348900000001,
      "user": 0.11224023999999998,
      "system": 0.038481560000000005,
      "min": 0.108693142,
      "max": 0.125474522,
      "times": [
        0.11735600600000001,
        0.112614374,
        0.12479129300000001,
        0.125474522,
        0.11487567100000001,
        0.115118386,
        0.122328608,
        0.11519348900000001,
        0.116503616,
        0.117482627,
        0.116998946,
        0.112086503,
        0.114853204,
        0.11361040500000001,
        0.11215084800000001,
        0.11926684700000001,
        0.108693142,
        0.118660178,
        0.11268178300000001,
        0.120125141,
        0.11454248700000001,
        0.11498399200000001,
        0.118078979,
        0.113684639,
        0.11661484200000001
      ],
      "memory_usage_byte": [
        97955840,
        97955840,
        97955840,
        98021376,
        98021376,
        98021376,
        98021376,
        98021376,
        98021376,
        98021376,
        98021376,
        98021376,
        98021376,
        99573760,
        99573760,
        99573760,
        99573760,
        100528128,
        100528128,
        100528128,
        100528128,
        100528128,
        100528128,
        100528128,
        100528128
      ],
      "exit_codes": [
        0,
        0,
        0,
        0,
        0,
        0,
        0,
        0,
        0,
        0,
        0,
        0,
        0,
        0,
        0,
        0,
        0,
        0,
        0,
        0,
        0,
        0,
        0,
        0,
        0
      ]
    }
  ]
}
