{
  "results": [
    {
      "command": "js-mupdf",
      "mean": 0.11780288434782611,
      "stddev": 0.0043570581972112955,
      "median": 0.117316928,
      "user": 0.11464143478260866,
      "system": 0.03684286956521739,
      "min": 0.11060911000000001,
      "max": 0.127739661,
      "times": [
        0.127739661,
        0.122075392,
        0.11950107800000001,
        0.115541136,
        0.11060911000000001,
        0.11395912300000001,
        0.126445875,
        0.11970000700000001,
        0.114933035,
        0.113187545,
        0.11578500700000001,
        0.11331236700000001,
        0.113070103,
        0.12133645300000001,
        0.119112014,
        0.116661577,
        0.11292268000000001,
        0.117316928,
        0.120455133,
        0.11917006000000001,
        0.115504801,
        0.121719511,
        0.11940774400000001
      ],
      "memory_usage_byte": [
        98476032,
        98476032,
        98476032,
        98476032,
        98476032,
        98476032,
        98476032,
        98476032,
        98476032,
        98476032,
        98476032,
        98476032,
        98476032,
        98476032,
        98476032,
        98476032,
        98476032,
        98476032,
        98476032,
        98476032,
        98476032,
        98476032,
        98476032
      ],
      "exit_codes": [
        0,
        0,
        0,
        0,
        0,
        0,
        0,
        0,
        0,
        0,
        0,
        0,
        0,
        0,
        0,
        0,
        0,
        0,
        0,
        0,
        0,
        0,
        0
      ]
    }
  ]
}
