{
  "results": [
    {
      "command": "pdfbox-preflight",
      "mean": 0.3704696752666667,
      "stddev": 0.01549413363905758,
      "median": 0.366929102,
      "user": 0.9048136666666667,
      "system": 0.08554433333333332,
      "min": 0.353639138,
      "max": 0.413454759,
      "times": [
        0.370757102,
        0.36410412200000003,
        0.413454759,
        0.372592968,
        0.359017719,
        0.357651217,
        0.39273163800000005,
        0.36920175000000005,
        0.36699393500000005,
        0.357125391,
        0.36462462900000003,
        0.353639138,
        0.366084962,
        0.382136697,
        0.366929102
      ],
      "memory_usage_byte": [
        83746816,
        83746816,
        83746816,
        83746816,
        83746816,
        83746816,
        83746816,
        83746816,
        83746816,
        83812352,
        83812352,
        83812352,
        84033536,
        84033536,
        84033536
      ],
      "exit_codes": [
        255,
        255,
        255,
        255,
        255,
        255,
        255,
        255,
        255,
        255,
        255,
        255,
        255,
        255,
        255
      ]
    }
  ]
}
