{
  "results": [
    {
      "command": "js-mupdf",
      "mean": 0.11817646519230772,
      "stddev": 0.0041933005334192685,
      "median": 0.11741163000000002,
      "user": 0.11153061538461538,
      "system": 0.04023915384615384,
      "min": 0.11197511,
      "max": 0.12896283,
      "times": [
        0.114508362,
        0.11396972500000001,
        0.12009230200000001,
        0.11442041400000001,
        0.118456843,
        0.12128165,
        0.12493455,
        0.125979636,
        0.120860901,
        0.12896283,
        0.12002683600000001,
        0.11765185900000001,
        0.11621257400000001,
        0.113235162,
        0.11820567100000001,
        0.120273419,
        0.116222141,
        0.117975255,
        0.11197511,
        0.116320664,
        0.11452376600000001,
        0.115308461,
        0.11717140100000001,
        0.11650289500000001,
        0.11414022600000001,
        0.123375442
      ],
      "memory_usage_byte": [
        98516992,
        98516992,
        98516992,
        98516992,
        98516992,
        98516992,
        98516992,
        98516992,
        98516992,
        98922496,
        98922496,
        98922496,
        98922496,
        98922496,
        98922496,
        98922496,
        98922496,
        98922496,
        98922496,
        98922496,
        98922496,
        98922496,
        98922496,
        98922496,
        98922496,
        98922496
      ],
      "exit_codes": [
        0,
        0,
        0,
        0,
        0,
        0,
        0,
        0,
        0,
        0,
        0,
        0,
        0,
        0,
        0,
        0,
        0,
        0,
        0,
        0,
        0,
        0,
        0,
        0,
        0,
        0
      ]
    }
  ]
}
