{
  "results": [
    {
      "command": "js-mupdf",
      "mean": 0.1445429111176471,
      "stddev": 0.010580677977896637,
      "median": 0.142682839,
      "user": 0.126053294117647,
      "system": 0.052527647058823526,
      "min": 0.127471781,
      "max": 0.16838587500000002,
      "times": [
        0.16838587500000002,
        0.152218512,
        0.142682839,
        0.157160934,
        0.157686414,
        0.14180356600000002,
        0.134700432,
        0.14560967300000002,
        0.134290154,
        0.141812387,
        0.14902915900000002,
        0.134046247,
        0.135145913,
        0.137128935,
        0.127471781,
        0.147438611,
        0.150618057
      ],
      "memory_usage_byte": [
        94830592,
        94830592,
        94830592,
        94830592,
        94830592,
        94830592,
        94830592,
        94830592,
        94830592,
        94830592,
        94830592,
        94830592,
        94830592,
        94830592,
        94830592,
        94830592,
        94830592
      ],
      "exit_codes": [
        0,
        0,
        0,
        0,
        0,
        0,
        0,
        0,
        0,
        0,
        0,
        0,
        0,
        0,
        0,
        0,
        0
      ]
    }
  ]
}
