{
  "results": [
    {
      "command": "pdfbox-preflight",
      "mean": 1.2564364547999998,
      "stddev": 0.026565432775107964,
      "median": 1.259669313,
      "user": 8.095331733333333,
      "system": 0.48433380000000004,
      "min": 1.210445553,
      "max": 1.292706292,
      "times": [
        1.292706292,
        1.2359663570000001,
        1.290371939,
        1.229002105,
        1.27250623,
        1.24596577,
        1.2762281739999999,
        1.210445553,
        1.265289251,
        1.259669313,
        1.231733211,
        1.276141526,
        1.235775579,
        1.292221225,
        1.232524297
      ],
      "memory_usage_byte": [
        590737408,
        590737408,
        590737408,
        590737408,
        590737408,
        590737408,
        590737408,
        595517440,
        595517440,
        595517440,
        595517440,
        595517440,
        595517440,
        595517440,
        595517440
      ],
      "exit_codes": [
        255,
        255,
        255,
        255,
        255,
        255,
        255,
        255,
        255,
        255,
        255,
        255,
        255,
        255,
        255
      ]
    }
  ]
}
