{
  "results": [
    {
      "command": "veraPDF",
      "mean": 1.2216509953333334,
      "stddev": 0.028109487582461443,
      "median": 1.220923298,
      "user": 5.904855533333333,
      "system": 0.3714956,
      "min": 1.175272171,
      "max": 1.259947564,
      "times": [
        1.213579133,
        1.2257099550000001,
        1.183062366,
        1.244849235,
        1.194660243,
        1.220923298,
        1.175272171,
        1.194510475,
        1.24184325,
        1.197135941,
        1.249103002,
        1.216378259,
        1.253452786,
        1.254337252,
        1.259947564
      ],
      "memory_usage_byte": [
        227688448,
        227688448,
        228323328,
        228323328,
        228323328,
        228323328,
        228323328,
        228323328,
        228323328,
        228323328,
        228323328,
        228323328,
        228704256,
        228704256,
        228704256
      ],
      "exit_codes": [
        1,
        1,
        1,
        1,
        1,
        1,
        1,
        1,
        1,
        1,
        1,
        1,
        1,
        1,
        1
      ]
    }
  ]
}
