{
  "results": [
    {
      "command": "veraPDF",
      "mean": 1.2528589913333337,
      "stddev": 0.035600247317403924,
      "median": 1.246640807,
      "user": 6.061017466666668,
      "system": 0.3669006666666667,
      "min": 1.1764844970000001,
      "max": 1.316602314,
      "times": [
        1.273035051,
        1.239535683,
        1.289867332,
        1.22059601,
        1.280964278,
        1.1764844970000001,
        1.246640807,
        1.316602314,
        1.212986761,
        1.240874239,
        1.245821455,
        1.272123283,
        1.260445779,
        1.288026552,
        1.228880829
      ],
      "memory_usage_byte": [
        242409472,
        242409472,
        242843648,
        242843648,
        242843648,
        242843648,
        242843648,
        243638272,
        243638272,
        243638272,
        243638272,
        243638272,
        243638272,
        243638272,
        243638272
      ],
      "exit_codes": [
        1,
        1,
        1,
        1,
        1,
        1,
        1,
        1,
        1,
        1,
        1,
        1,
        1,
        1,
        1
      ]
    }
  ]
}
