{
  "results": [
    {
      "command": "veraPDF",
      "mean": 1.2260106117333331,
      "stddev": 0.0286073775544551,
      "median": 1.227053847,
      "user": 5.9352274,
      "system": 0.3673086666666668,
      "min": 1.178388613,
      "max": 1.272418004,
      "times": [
        1.1999784820000001,
        1.225693702,
        1.187721145,
        1.227053847,
        1.218406523,
        1.239202513,
        1.2697517120000001,
        1.245211895,
        1.2330350110000001,
        1.242935922,
        1.212445407,
        1.189312067,
        1.178388613,
        1.248604333,
        1.272418004
      ],
      "memory_usage_byte": [
        223924224,
        223924224,
        223924224,
        223924224,
        246833152,
        246833152,
        246833152,
        246833152,
        246833152,
        246833152,
        246833152,
        246833152,
        246833152,
        246833152,
        246833152
      ],
      "exit_codes": [
        1,
        1,
        1,
        1,
        1,
        1,
        1,
        1,
        1,
        1,
        1,
        1,
        1,
        1,
        1
      ]
    }
  ]
}
