{
  "results": [
    {
      "command": "veraPDF",
      "mean": 2.6775293116,
      "stddev": 0.05195593318965244,
      "median": 2.678458817,
      "user": 15.421118799999997,
      "system": 0.7727637333333333,
      "min": 2.60030778,
      "max": 2.75746151,
      "times": [
        2.602454261,
        2.608960443,
        2.629647637,
        2.6904401,
        2.670506022,
        2.6559671590000002,
        2.75746151,
        2.746547328,
        2.60030778,
        2.7056306240000003,
        2.692039962,
        2.691925402,
        2.6766075650000003,
        2.678458817,
        2.755985064
      ],
      "memory_usage_byte": [
        791158784,
        791158784,
        791158784,
        791158784,
        791158784,
        791158784,
        791158784,
        791158784,
        791158784,
        791158784,
        791158784,
        791158784,
        791158784,
        791158784,
        791158784
      ],
      "exit_codes": [
        1,
        1,
        1,
        1,
        1,
        1,
        1,
        1,
        1,
        1,
        1,
        1,
        1,
        1,
        1
      ]
    }
  ]
}
