{
  "results": [
    {
      "command": "gopdfrab",
      "mean": 0.3740839222,
      "stddev": 0.021693243567921558,
      "median": 0.37877637200000003,
      "user": 0.39621866666666655,
      "system": 0.07213466666666667,
      "min": 0.33099617400000003,
      "max": 0.415382636,
      "times": [
        0.37589358,
        0.361227638,
        0.38798318200000004,
        0.391314773,
        0.37925420800000004,
        0.33099617400000003,
        0.374935363,
        0.385882836,
        0.415382636,
        0.346707892,
        0.371362526,
        0.340377156,
        0.382306986,
        0.37877637200000003,
        0.38885751100000004
      ],
      "memory_usage_byte": [
        59858944,
        61857792,
        61857792,
        61857792,
        61857792,
        61857792,
        64167936,
        64167936,
        64167936,
        64167936,
        64167936,
        64167936,
        64167936,
        64167936,
        64167936
      ],
      "exit_codes": [
        0,
        0,
        0,
        0,
        0,
        0,
        0,
        0,
        0,
        0,
        0,
        0,
        0,
        0,
        0
      ]
    }
  ]
}
