{
  "results": [
    {
      "command": "veraPDF",
      "mean": 1.5560960791333334,
      "stddev": 0.0750816833809644,
      "median": 1.560163784,
      "user": 6.5079237999999995,
      "system": 0.3721818666666667,
      "min": 1.413363338,
      "max": 1.6962800040000001,
      "times": [
        1.634421766,
        1.596493341,
        1.6962800040000001,
        1.600723809,
        1.6080133939999999,
        1.560163784,
        1.584182001,
        1.536703047,
        1.482712429,
        1.471223632,
        1.541571517,
        1.48935659,
        1.626004783,
        1.500227752,
        1.413363338
      ],
      "memory_usage_byte": [
        205139968,
        216350720,
        216350720,
        216350720,
        216350720,
        216350720,
        216350720,
        216350720,
        216350720,
        216350720,
        216350720,
        216350720,
        216350720,
        216350720,
        216350720
      ],
      "exit_codes": [
        1,
        1,
        1,
        1,
        1,
        1,
        1,
        1,
        1,
        1,
        1,
        1,
        1,
        1,
        1
      ]
    }
  ]
}
