{
  "results": [
    {
      "command": "pdfbox-preflight",
      "mean": 0.26109265553333333,
      "stddev": 0.012593935191292597,
      "median": 0.25686965700000003,
      "user": 0.5399601999999999,
      "system": 0.06456819999999999,
      "min": 0.250094025,
      "max": 0.294179095,
      "times": [
        0.2504329,
        0.250094025,
        0.26992460500000004,
        0.263108538,
        0.294179095,
        0.25819698900000004,
        0.251201726,
        0.25601702200000004,
        0.27003839,
        0.279712138,
        0.25686965700000003,
        0.253909321,
        0.252501711,
        0.259309864,
        0.25089385200000003
      ],
      "memory_usage_byte": [
        72065024,
        72065024,
        72118272,
        72118272,
        72118272,
        72118272,
        72118272,
        72118272,
        72118272,
        72118272,
        72118272,
        72118272,
        72118272,
        72118272,
        72118272
      ],
      "exit_codes": [
        255,
        255,
        255,
        255,
        255,
        255,
        255,
        255,
        255,
        255,
        255,
        255,
        255,
        255,
        255
      ]
    }
  ]
}
