{
  "results": [
    {
      "command": "js-mupdf",
      "mean": 0.1120901256923077,
      "stddev": 0.01175056130965207,
      "median": 0.1097177825,
      "user": 0.11234623076923075,
      "system": 0.045702346153846156,
      "min": 0.0932338,
      "max": 0.145669546,
      "times": [
        0.11447736900000001,
        0.13551484900000002,
        0.12694012300000002,
        0.145669546,
        0.098622424,
        0.10191034500000001,
        0.10247584400000001,
        0.11457935100000001,
        0.098108757,
        0.114090537,
        0.0932338,
        0.122349119,
        0.10785467300000001,
        0.11665703200000001,
        0.118921651,
        0.114039132,
        0.100409468,
        0.116621079,
        0.10911416500000001,
        0.1103214,
        0.12048930000000001,
        0.10796185300000001,
        0.107990815,
        0.107254624,
        0.10468137000000001,
        0.104054642
      ],
      "memory_usage_byte": [
        100605952,
        100605952,
        100605952,
        100605952,
        100605952,
        100605952,
        100765696,
        100765696,
        100765696,
        100765696,
        100765696,
        100765696,
        100765696,
        100765696,
        100765696,
        100765696,
        100765696,
        100765696,
        100765696,
        100765696,
        100765696,
        100765696,
        100765696,
        100765696,
        100765696,
        100765696
      ],
      "exit_codes": [
        0,
        0,
        0,
        0,
        0,
        0,
        0,
        0,
        0,
        0,
        0,
        0,
        0,
        0,
        0,
        0,
        0,
        0,
        0,
        0,
        0,
        0,
        0,
        0,
        0,
        0
      ]
    }
  ]
}
