{
  "results": [
    {
      "command": "veraPDF",
      "mean": 1.6789880502666665,
      "stddev": 0.09243084523321007,
      "median": 1.7035664700000002,
      "user": 7.0462321333333335,
      "system": 0.3972134666666666,
      "min": 1.4491589520000001,
      "max": 1.786255997,
      "times": [
        1.697333358,
        1.4491589520000001,
        1.757930681,
        1.7035664700000002,
        1.663114623,
        1.6427505390000001,
        1.73717644,
        1.7334424460000002,
        1.786255997,
        1.529863689,
        1.750610067,
        1.663458649,
        1.760414999,
        1.605936891,
        1.703806953
      ],
      "memory_usage_byte": [
        229826560,
        229826560,
        229826560,
        229826560,
        229826560,
        229826560,
        229826560,
        229826560,
        229826560,
        229826560,
        229826560,
        229826560,
        229826560,
        229826560,
        229826560
      ],
      "exit_codes": [
        1,
        1,
        1,
        1,
        1,
        1,
        1,
        1,
        1,
        1,
        1,
        1,
        1,
        1,
        1
      ]
    }
  ]
}
