{
  "results": [
    {
      "command": "gopdfrab",
      "mean": 2.19842618,
      "stddev": 0.05510610629598649,
      "median": 2.204806206,
      "user": 4.720563666666666,
      "system": 0.49075720000000006,
      "min": 2.114439114,
      "max": 2.2801069160000003,
      "times": [
        2.161844047,
        2.228829719,
        2.114439114,
        2.252106089,
        2.13071754,
        2.2801069160000003,
        2.121011351,
        2.188878645,
        2.242242415,
        2.204806206,
        2.184378441,
        2.274232743,
        2.220704774,
        2.232241572,
        2.139853128
      ],
      "memory_usage_byte": [
        79081472,
        79081472,
        79081472,
        79081472,
        79081472,
        79081472,
        80232448,
        80232448,
        80232448,
        80232448,
        80232448,
        81793024,
        81793024,
        81793024,
        81793024
      ],
      "exit_codes": [
        0,
        0,
        0,
        0,
        0,
        0,
        0,
        0,
        0,
        0,
        0,
        0,
        0,
        0,
        0
      ]
    }
  ]
}
