{
  "results": [
    {
      "command": "gopdfrab",
      "mean": 2.3673638226,
      "stddev": 0.0657658499675473,
      "median": 2.357206377,
      "user": 5.141153999999999,
      "system": 0.5640596666666666,
      "min": 2.2463848,
      "max": 2.499334534,
      "times": [
        2.307408985,
        2.499334534,
        2.375767636,
        2.30733819,
        2.488766416,
        2.347639409,
        2.400204833,
        2.2463848,
        2.397945146,
        2.357206377,
        2.358589077,
        2.405577358,
        2.3354626720000002,
        2.334878384,
        2.347953522
      ],
      "memory_usage_byte": [
        70725632,
        70725632,
        71688192,
        71688192,
        71688192,
        71688192,
        71688192,
        71688192,
        71688192,
        71688192,
        71688192,
        71688192,
        71688192,
        71688192,
        71688192
      ],
      "exit_codes": [
        0,
        0,
        0,
        0,
        0,
        0,
        0,
        0,
        0,
        0,
        0,
        0,
        0,
        0,
        0
      ]
    }
  ]
}
