{
  "results": [
    {
      "command": "js-mupdf",
      "mean": 0.1431773961,
      "stddev": 0.008493991056590261,
      "median": 0.141132579,
      "user": 0.12996685,
      "system": 0.0493954,
      "min": 0.13320974400000002,
      "max": 0.165046261,
      "times": [
        0.148329428,
        0.147186473,
        0.13493838800000002,
        0.140759043,
        0.14150069,
        0.145426672,
        0.14136014500000002,
        0.158593899,
        0.134073994,
        0.13320974400000002,
        0.14440202400000002,
        0.13324165500000001,
        0.139105253,
        0.138101401,
        0.139213298,
        0.136313601,
        0.140905013,
        0.165046261,
        0.15362994900000002,
        0.14821099100000001
      ],
      "memory_usage_byte": [
        94875648,
        94875648,
        94875648,
        94875648,
        94875648,
        94875648,
        94875648,
        94875648,
        94875648,
        94875648,
        94875648,
        94875648,
        94875648,
        94875648,
        94875648,
        94875648,
        94875648,
        94875648,
        94875648,
        94875648
      ],
      "exit_codes": [
        0,
        0,
        0,
        0,
        0,
        0,
        0,
        0,
        0,
        0,
        0,
        0,
        0,
        0,
        0,
        0,
        0,
        0,
        0,
        0
      ]
    }
  ]
}
