{
  "results": [
    {
      "command": "pdfbox-preflight",
      "mean": 1.0596545282666665,
      "stddev": 0.0479657991417639,
      "median": 1.057889966,
      "user": 5.953385066666667,
      "system": 0.38928466666666667,
      "min": 0.969329843,
      "max": 1.157557078,
      "times": [
        1.079013633,
        0.969329843,
        1.057889966,
        1.145128517,
        1.045200058,
        1.058574018,
        1.078493403,
        1.043084598,
        1.061436995,
        1.014718496,
        1.005533721,
        1.085323521,
        1.047390779,
        1.157557078,
        1.046143298
      ],
      "memory_usage_byte": [
        510881792,
        542130176,
        542130176,
        542130176,
        542130176,
        542130176,
        542130176,
        542130176,
        542130176,
        542130176,
        542130176,
        542130176,
        542130176,
        542130176,
        542130176
      ],
      "exit_codes": [
        255,
        255,
        255,
        255,
        255,
        255,
        255,
        255,
        255,
        255,
        255,
        255,
        255,
        255,
        255
      ]
    }
  ]
}
