{
  "results": [
    {
      "command": "pdfbox-preflight",
      "mean": 0.37073954280000004,
      "stddev": 0.012218024236686251,
      "median": 0.366797662,
      "user": 0.9021659999999999,
      "system": 0.08911506666666666,
      "min": 0.35849631600000004,
      "max": 0.39753697800000004,
      "times": [
        0.36462834800000005,
        0.380769623,
        0.360191641,
        0.371153968,
        0.39753697800000004,
        0.36750616700000005,
        0.388295109,
        0.363145402,
        0.35849631600000004,
        0.362297338,
        0.38868709500000004,
        0.366797662,
        0.369027686,
        0.362922442,
        0.35963736700000004
      ],
      "memory_usage_byte": [
        83939328,
        83939328,
        83939328,
        83939328,
        83939328,
        83939328,
        83939328,
        83939328,
        83939328,
        83939328,
        83939328,
        83939328,
        83939328,
        83939328,
        83939328
      ],
      "exit_codes": [
        255,
        255,
        255,
        255,
        255,
        255,
        255,
        255,
        255,
        255,
        255,
        255,
        255,
        255,
        255
      ]
    }
  ]
}
