{
  "results": [
    {
      "command": "js-mupdf",
      "mean": 0.1378428152272727,
      "stddev": 0.004203431548975015,
      "median": 0.1383985605,
      "user": 0.15302013636363634,
      "system": 0.04701777272727273,
      "min": 0.130175749,
      "max": 0.14626945700000002,
      "times": [
        0.132356404,
        0.14403385900000001,
        0.137405167,
        0.14626945700000002,
        0.138315943,
        0.14072104500000002,
        0.139486418,
        0.130784605,
        0.14114217,
        0.138878221,
        0.14022926300000002,
        0.138481178,
        0.138650784,
        0.137189536,
        0.134559124,
        0.14312671300000002,
        0.131403656,
        0.130175749,
        0.138145707,
        0.134586158,
        0.13753130700000002,
        0.139069471
      ],
      "memory_usage_byte": [
        106139648,
        106139648,
        106139648,
        106139648,
        106139648,
        106139648,
        106139648,
        106139648,
        106139648,
        106139648,
        106139648,
        106139648,
        106139648,
        106139648,
        106139648,
        106139648,
        106139648,
        106139648,
        106139648,
        106139648,
        106139648,
        106139648
      ],
      "exit_codes": [
        0,
        0,
        0,
        0,
        0,
        0,
        0,
        0,
        0,
        0,
        0,
        0,
        0,
        0,
        0,
        0,
        0,
        0,
        0,
        0,
        0,
        0
      ]
    }
  ]
}
