{
  "results": [
    {
      "command": "veraPDF",
      "mean": 3.0174257990666664,
      "stddev": 1.3597715186670487,
      "median": 2.161444917,
      "user": 13.768723999999999,
      "system": 0.7092666666666666,
      "min": 1.898991378,
      "max": 6.4569807,
      "times": [
        3.550484194,
        3.497513893,
        3.350595457,
        3.6270965840000002,
        3.4935730400000002,
        6.4569807,
        1.9934955150000002,
        2.009871569,
        2.017367715,
        1.9954955660000002,
        1.898991378,
        5.186686954,
        2.161444917,
        1.94944914,
        2.072340364
      ],
      "memory_usage_byte": [
        760786944,
        760786944,
        760786944,
        760786944,
        760786944,
        760786944,
        760786944,
        760786944,
        760786944,
        760786944,
        760786944,
        760786944,
        760786944,
        760786944,
        760786944
      ],
      "exit_codes": [
        1,
        1,
        1,
        1,
        1,
        1,
        1,
        1,
        1,
        1,
        1,
        1,
        1,
        1,
        1
      ]
    }
  ]
}
