{
  "results": [
    {
      "command": "js-mupdf",
      "mean": 0.11653994895652176,
      "stddev": 0.0035986170905406463,
      "median": 0.11594005,
      "user": 0.11079095652173912,
      "system": 0.03896460869565217,
      "min": 0.10958461300000001,
      "max": 0.127661503,
      "times": [
        0.127661503,
        0.114262759,
        0.111391604,
        0.11594005,
        0.10958461300000001,
        0.114141824,
        0.1211403,
        0.115984184,
        0.11649100300000001,
        0.11369316900000001,
        0.115456496,
        0.11794649300000001,
        0.11780889300000001,
        0.11402382400000001,
        0.115118123,
        0.115463228,
        0.114522751,
        0.11828208200000001,
        0.115916717,
        0.119117545,
        0.11789535000000001,
        0.119062842,
        0.11951347300000001
      ],
      "memory_usage_byte": [
        97861632,
        97861632,
        97861632,
        97861632,
        98381824,
        98381824,
        98381824,
        98381824,
        98381824,
        98381824,
        98381824,
        100683776,
        100683776,
        100683776,
        100683776,
        100683776,
        100683776,
        100683776,
        100683776,
        100683776,
        100683776,
        100683776,
        100683776
      ],
      "exit_codes": [
        0,
        0,
        0,
        0,
        0,
        0,
        0,
        0,
        0,
        0,
        0,
        0,
        0,
        0,
        0,
        0,
        0,
        0,
        0,
        0,
        0,
        0,
        0
      ]
    }
  ]
}
