{
  "results": [
    {
      "command": "pdfbox-preflight",
      "mean": 0.2568434754,
      "stddev": 0.003963672409558643,
      "median": 0.256633644,
      "user": 0.5201097333333333,
      "system": 0.06673346666666666,
      "min": 0.250806375,
      "max": 0.26442795,
      "times": [
        0.25496059800000004,
        0.25733584600000003,
        0.256765886,
        0.256633644,
        0.252850774,
        0.255993682,
        0.250806375,
        0.26277304,
        0.256965616,
        0.25273932600000004,
        0.26324447700000003,
        0.26442795,
        0.25366863,
        0.255650867,
        0.25783542000000004
      ],
      "memory_usage_byte": [
        72265728,
        72265728,
        72286208,
        72724480,
        72724480,
        72724480,
        72724480,
        72724480,
        72724480,
        72724480,
        72724480,
        72724480,
        72724480,
        72724480,
        72724480
      ],
      "exit_codes": [
        255,
        255,
        255,
        255,
        255,
        255,
        255,
        255,
        255,
        255,
        255,
        255,
        255,
        255,
        255
      ]
    }
  ]
}
