{
  "results": [
    {
      "command": "veraPDF",
      "mean": 2.669708119666667,
      "stddev": 0.0555556453357069,
      "median": 2.676740466,
      "user": 15.442422666666666,
      "system": 0.7565997333333333,
      "min": 2.562582836,
      "max": 2.745617135,
      "times": [
        2.6540607830000003,
        2.649804917,
        2.694195663,
        2.655581553,
        2.5951953469999998,
        2.680147938,
        2.562582836,
        2.676740466,
        2.718694992,
        2.745617135,
        2.71605299,
        2.579868294,
        2.674899357,
        2.699930985,
        2.742248539
      ],
      "memory_usage_byte": [
        775368704,
        775368704,
        776241152,
        776241152,
        776241152,
        776241152,
        776241152,
        780099584,
        780099584,
        780099584,
        780099584,
        780099584,
        780099584,
        780099584,
        780099584
      ],
      "exit_codes": [
        1,
        1,
        1,
        1,
        1,
        1,
        1,
        1,
        1,
        1,
        1,
        1,
        1,
        1,
        1
      ]
    }
  ]
}
