{
  "results": [
    {
      "command": "veraPDF",
      "mean": 1.1385293574666666,
      "stddev": 0.026163848392009727,
      "median": 1.127380831,
      "user": 5.557953200000001,
      "system": 0.3226676666666667,
      "min": 1.103892931,
      "max": 1.20069166,
      "times": [
        1.134117811,
        1.124541484,
        1.123948733,
        1.127380831,
        1.111885467,
        1.164432945,
        1.11897962,
        1.144826244,
        1.146282559,
        1.177908865,
        1.150381528,
        1.103892931,
        1.122013098,
        1.126656586,
        1.20069166
      ],
      "memory_usage_byte": [
        217341952,
        217341952,
        217341952,
        217341952,
        217341952,
        217341952,
        217341952,
        217341952,
        217341952,
        217341952,
        217341952,
        217341952,
        217341952,
        217341952,
        217341952
      ],
      "exit_codes": [
        1,
        1,
        1,
        1,
        1,
        1,
        1,
        1,
        1,
        1,
        1,
        1,
        1,
        1,
        1
      ]
    }
  ]
}
