{
  "results": [
    {
      "command": "gopdfrab",
      "mean": 0.3775010084666667,
      "stddev": 0.028896391632976047,
      "median": 0.37847100100000003,
      "user": 0.39848646666666665,
      "system": 0.07512293333333335,
      "min": 0.321658265,
      "max": 0.440324594,
      "times": [
        0.360741863,
        0.366142691,
        0.348008519,
        0.321658265,
        0.39722590700000004,
        0.38038080500000004,
        0.34289957600000004,
        0.392077237,
        0.387251974,
        0.37847100100000003,
        0.440324594,
        0.37133619100000004,
        0.397302472,
        0.370225735,
        0.40846829700000004
      ],
      "memory_usage_byte": [
        61825024,
        61825024,
        61825024,
        61825024,
        61825024,
        61825024,
        61825024,
        61825024,
        61825024,
        61825024,
        61825024,
        61825024,
        61825024,
        61825024,
        61825024
      ],
      "exit_codes": [
        0,
        0,
        0,
        0,
        0,
        0,
        0,
        0,
        0,
        0,
        0,
        0,
        0,
        0,
        0
      ]
    }
  ]
}
