{
  "results": [
    {
      "command": "veraPDF",
      "mean": 2.7093091813333334,
      "stddev": 0.055859597826032684,
      "median": 2.70411033,
      "user": 15.566101933333337,
      "system": 0.76791,
      "min": 2.610048926,
      "max": 2.8428201250000003,
      "times": [
        2.643445697,
        2.7004871980000003,
        2.741572178,
        2.752877636,
        2.610048926,
        2.713889863,
        2.696783494,
        2.71991696,
        2.671444261,
        2.70411033,
        2.756918547,
        2.700370889,
        2.8428201250000003,
        2.647827362,
        2.7371242540000003
      ],
      "memory_usage_byte": [
        781832192,
        796807168,
        796807168,
        796807168,
        796807168,
        796807168,
        796807168,
        796807168,
        796807168,
        796807168,
        796807168,
        796807168,
        796807168,
        796807168,
        796807168
      ],
      "exit_codes": [
        1,
        1,
        1,
        1,
        1,
        1,
        1,
        1,
        1,
        1,
        1,
        1,
        1,
        1,
        1
      ]
    }
  ]
}
