{
  "results": [
    {
      "command": "pdfbox-preflight",
      "mean": 1.2616726362,
      "stddev": 0.01997834466436892,
      "median": 1.263866714,
      "user": 8.121016599999999,
      "system": 0.47857366666666673,
      "min": 1.230319242,
      "max": 1.292979662,
      "times": [
        1.292979662,
        1.243598922,
        1.288371518,
        1.263866714,
        1.278947773,
        1.2416279430000001,
        1.2620551,
        1.27249389,
        1.268462149,
        1.245205306,
        1.280354365,
        1.272305812,
        1.230319242,
        1.231546131,
        1.252955016
      ],
      "memory_usage_byte": [
        596283392,
        596283392,
        596283392,
        596283392,
        596283392,
        596283392,
        596283392,
        596283392,
        596283392,
        596283392,
        596283392,
        596283392,
        596283392,
        596283392,
        596283392
      ],
      "exit_codes": [
        255,
        255,
        255,
        255,
        255,
        255,
        255,
        255,
        255,
        255,
        255,
        255,
        255,
        255,
        255
      ]
    }
  ]
}
