{
  "results": [
    {
      "command": "pdfbox-preflight",
      "mean": 0.2573578942,
      "stddev": 0.007179201745591636,
      "median": 0.256651813,
      "user": 0.5260840666666666,
      "system": 0.06541639999999999,
      "min": 0.246276286,
      "max": 0.272551129,
      "times": [
        0.271823497,
        0.25156547100000004,
        0.256651813,
        0.24980791400000002,
        0.25647837100000004,
        0.25172246200000004,
        0.25577377500000004,
        0.260661538,
        0.25822595400000004,
        0.257152975,
        0.25955991300000003,
        0.258574063,
        0.272551129,
        0.246276286,
        0.253543252
      ],
      "memory_usage_byte": [
        72003584,
        72003584,
        72003584,
        72658944,
        72658944,
        72658944,
        72658944,
        72658944,
        72658944,
        72658944,
        72658944,
        72658944,
        72658944,
        72658944,
        72658944
      ],
      "exit_codes": [
        255,
        255,
        255,
        255,
        255,
        255,
        255,
        255,
        255,
        255,
        255,
        255,
        255,
        255,
        255
      ]
    }
  ]
}
