{
  "results": [
    {
      "command": "js-mupdf",
      "mean": 0.11591505980769232,
      "stddev": 0.00312645383658529,
      "median": 0.11518559850000001,
      "user": 0.11005415384615384,
      "system": 0.03805323076923076,
      "min": 0.11086670300000001,
      "max": 0.121389465,
      "times": [
        0.11481405600000001,
        0.11343636500000001,
        0.115276317,
        0.11360819300000001,
        0.114791294,
        0.121194957,
        0.112917266,
        0.115658833,
        0.118391672,
        0.11964811600000001,
        0.11281608700000001,
        0.112884122,
        0.11604689600000001,
        0.11838902300000001,
        0.11267165000000001,
        0.11086670300000001,
        0.12112800100000001,
        0.11705422100000001,
        0.11479164600000001,
        0.111451908,
        0.115595182,
        0.11509488000000001,
        0.12036022900000001,
        0.114464851,
        0.11904962200000001,
        0.121389465
      ],
      "memory_usage_byte": [
        97554432,
        97554432,
        97554432,
        98537472,
        98537472,
        98914304,
        98914304,
        98914304,
        98914304,
        98914304,
        98914304,
        98914304,
        98914304,
        98914304,
        98914304,
        98914304,
        98914304,
        100442112,
        100442112,
        100442112,
        100442112,
        100442112,
        100442112,
        100442112,
        100442112,
        100442112
      ],
      "exit_codes": [
        0,
        0,
        0,
        0,
        0,
        0,
        0,
        0,
        0,
        0,
        0,
        0,
        0,
        0,
        0,
        0,
        0,
        0,
        0,
        0,
        0,
        0,
        0,
        0,
        0,
        0
      ]
    }
  ]
}
