{
  "results": [
    {
      "command": "js-mupdf",
      "mean": 0.11649057412500001,
      "stddev": 0.004293068027469555,
      "median": 0.11606121,
      "user": 0.11419195833333333,
      "system": 0.035938875,
      "min": 0.10885821100000001,
      "max": 0.126692089,
      "times": [
        0.12186179000000001,
        0.118441166,
        0.112815547,
        0.12212975000000001,
        0.10885821100000001,
        0.113651763,
        0.112459321,
        0.12094360900000001,
        0.11501422900000001,
        0.11593626800000001,
        0.12018182000000001,
        0.11438563900000001,
        0.10945746,
        0.116186152,
        0.11770137600000001,
        0.11675304600000001,
        0.11184468600000001,
        0.11632055000000001,
        0.12194949100000001,
        0.11569644400000001,
        0.11295087200000001,
        0.11801824100000001,
        0.115524259,
        0.126692089
      ],
      "memory_usage_byte": [
        98426880,
        98426880,
        98426880,
        98426880,
        98426880,
        98426880,
        98426880,
        98426880,
        98619392,
        98619392,
        98619392,
        98619392,
        98619392,
        98619392,
        98619392,
        98619392,
        98889728,
        98889728,
        98889728,
        98889728,
        98889728,
        98889728,
        98889728,
        98889728
      ],
      "exit_codes": [
        0,
        0,
        0,
        0,
        0,
        0,
        0,
        0,
        0,
        0,
        0,
        0,
        0,
        0,
        0,
        0,
        0,
        0,
        0,
        0,
        0,
        0,
        0,
        0
      ]
    }
  ]
}
