{
  "results": [
    {
      "command": "gopdfrab",
      "mean": 2.1606910930666667,
      "stddev": 0.06088582925383055,
      "median": 2.160507034,
      "user": 4.6650535333333325,
      "system": 0.4823170666666667,
      "min": 2.069897359,
      "max": 2.2435478,
      "times": [
        2.105910302,
        2.160507034,
        2.146418008,
        2.105514954,
        2.081114227,
        2.223897913,
        2.215486582,
        2.069897359,
        2.134046455,
        2.2280072730000002,
        2.181245226,
        2.090032193,
        2.236999121,
        2.2435478,
        2.187741949
      ],
      "memory_usage_byte": [
        75112448,
        75112448,
        75112448,
        75112448,
        80838656,
        80838656,
        80838656,
        80838656,
        83390464,
        83390464,
        83390464,
        83390464,
        83390464,
        83390464,
        83390464
      ],
      "exit_codes": [
        0,
        0,
        0,
        0,
        0,
        0,
        0,
        0,
        0,
        0,
        0,
        0,
        0,
        0,
        0
      ]
    }
  ]
}
