{
  "results": [
    {
      "command": "veraPDF",
      "mean": 1.1477289755000002,
      "stddev": 0.05273279338818822,
      "median": 1.1450750755,
      "user": 5.311645499999999,
      "system": 0.2833695,
      "min": 1.043353732,
      "max": 1.248549887,
      "times": [
        1.14308084,
        1.248549887,
        1.137479734,
        1.043353732,
        1.184469794,
        1.198242884,
        1.208592891,
        1.130372504,
        1.144577404,
        1.0436076380000001,
        1.147144339,
        1.162381608,
        1.108457563,
        1.1455727470000001,
        1.08650736,
        1.19869041,
        1.109000952,
        1.196247281,
        1.140830169,
        1.177419773
      ],
      "memory_usage_byte": [
        186032128,
        186032128,
        186032128,
        186032128,
        186032128,
        186032128,
        186032128,
        186032128,
        186032128,
        186032128,
        186032128,
        186032128,
        186032128,
        186032128,
        191516672,
        197820416,
        197820416,
        197820416,
        198901760,
        198901760
      ],
      "exit_codes": [
        0,
        0,
        0,
        0,
        0,
        0,
        0,
        0,
        0,
        0,
        0,
        0,
        0,
        0,
        0,
        0,
        0,
        0,
        0,
        0
      ]
    }
  ]
}
