{
  "results": [
    {
      "command": "veraPDF",
      "mean": 0.8379343146000002,
      "stddev": 0.018463365324116583,
      "median": 0.8343642720000001,
      "user": 4.388603949999999,
      "system": 0.26972815,
      "min": 0.809893046,
      "max": 0.8720788610000001,
      "times": [
        0.865313693,
        0.816254515,
        0.8272099030000001,
        0.8720788610000001,
        0.825931788,
        0.8337579260000001,
        0.8195143330000001,
        0.8509441910000001,
        0.8631811850000001,
        0.849960993,
        0.8247414230000001,
        0.8320442140000001,
        0.846273314,
        0.8160627340000001,
        0.84031915,
        0.8213536600000001,
        0.845862466,
        0.863018279,
        0.834970618,
        0.809893046
      ],
      "memory_usage_byte": [
        186830848,
        186830848,
        186830848,
        202108928,
        202108928,
        202108928,
        202108928,
        202108928,
        202108928,
        202108928,
        202108928,
        202108928,
        202108928,
        202108928,
        202108928,
        202108928,
        202108928,
        202108928,
        202108928,
        202108928
      ],
      "exit_codes": [
        0,
        0,
        0,
        0,
        0,
        0,
        0,
        0,
        0,
        0,
        0,
        0,
        0,
        0,
        0,
        0,
        0,
        0,
        0,
        0
      ]
    }
  ]
}
