{
  "results": [
    {
      "command": "pdfbox-preflight",
      "mean": 0.12094943619047623,
      "stddev": 0.0052638023188500286,
      "median": 0.120009261,
      "user": 0.1891253809523809,
      "system": 0.03999428571428571,
      "min": 0.113791084,
      "max": 0.13712642,
      "times": [
        0.13712642,
        0.12584782,
        0.1214447,
        0.117786185,
        0.113791084,
        0.12094594400000001,
        0.12078686200000001,
        0.120009261,
        0.11674142500000001,
        0.11560875300000001,
        0.11903277200000001,
        0.11767181600000001,
        0.12413963400000001,
        0.129068725,
        0.124833076,
        0.12257911,
        0.119270728,
        0.11800953600000001,
        0.12118366500000001,
        0.11919125900000001,
        0.114869385
      ],
      "memory_usage_byte": [
        56537088,
        56537088,
        56537088,
        56537088,
        56664064,
        56664064,
        56664064,
        56721408,
        56721408,
        56721408,
        57184256,
        57184256,
        57184256,
        57184256,
        57184256,
        57184256,
        57184256,
        57184256,
        57184256,
        57184256,
        57184256
      ],
      "exit_codes": [
        1,
        1,
        1,
        1,
        1,
        1,
        1,
        1,
        1,
        1,
        1,
        1,
        1,
        1,
        1,
        1,
        1,
        1,
        1,
        1,
        1
      ]
    }
  ]
}
