{
  "results": [
    {
      "command": "js-mupdf",
      "mean": 0.11103930789285717,
      "stddev": 0.003257370374265781,
      "median": 0.11128267800000001,
      "user": 0.10719303571428572,
      "system": 0.038991714285714275,
      "min": 0.105406199,
      "max": 0.11710128,
      "times": [
        0.10570673600000001,
        0.11165941400000001,
        0.10920386500000001,
        0.10771290200000001,
        0.105406199,
        0.11090594200000001,
        0.11409888200000001,
        0.114628486,
        0.109400205,
        0.106245061,
        0.113334391,
        0.10950999600000001,
        0.11243847200000001,
        0.10630074,
        0.10907216900000001,
        0.11202344,
        0.110341696,
        0.11050280900000001,
        0.11436178500000001,
        0.10734445100000001,
        0.115182114,
        0.10876934,
        0.113584693,
        0.113895836,
        0.11710128,
        0.11244493400000001,
        0.11602098500000001,
        0.11190379800000001
      ],
      "memory_usage_byte": [
        98242560,
        98525184,
        98525184,
        98525184,
        98525184,
        98525184,
        98525184,
        98525184,
        98525184,
        98525184,
        98525184,
        98525184,
        98525184,
        98525184,
        98525184,
        98623488,
        98623488,
        99078144,
        99078144,
        99078144,
        99078144,
        99078144,
        99078144,
        99078144,
        99078144,
        99078144,
        99078144,
        99078144
      ],
      "exit_codes": [
        0,
        0,
        0,
        0,
        0,
        0,
        0,
        0,
        0,
        0,
        0,
        0,
        0,
        0,
        0,
        0,
        0,
        0,
        0,
        0,
        0,
        0,
        0,
        0,
        0,
        0,
        0,
        0
      ]
    }
  ]
}
