{
  "results": [
    {
      "command": "pdfbox-preflight",
      "mean": 0.12165089470833335,
      "stddev": 0.0037822388060868217,
      "median": 0.1208694505,
      "user": 0.18967416666666662,
      "system": 0.04418654166666666,
      "min": 0.116176705,
      "max": 0.130447973,
      "times": [
        0.121958513,
        0.118789379,
        0.12058844900000001,
        0.122748904,
        0.119330947,
        0.126748431,
        0.130447973,
        0.11742648700000001,
        0.127937572,
        0.12772034100000001,
        0.11922015400000001,
        0.12107013200000001,
        0.12066876900000001,
        0.12392029800000001,
        0.12214706400000001,
        0.117276216,
        0.11722686900000001,
        0.119894097,
        0.122928412,
        0.116176705,
        0.11920638600000001,
        0.12108901600000001,
        0.119268937,
        0.125831422
      ],
      "memory_usage_byte": [
        56721408,
        56872960,
        57094144,
        57094144,
        57094144,
        57094144,
        57094144,
        57094144,
        57094144,
        57094144,
        57094144,
        57094144,
        57094144,
        57094144,
        57094144,
        57094144,
        57094144,
        57094144,
        57094144,
        57094144,
        57094144,
        57094144,
        57094144,
        57094144
      ],
      "exit_codes": [
        1,
        1,
        1,
        1,
        1,
        1,
        1,
        1,
        1,
        1,
        1,
        1,
        1,
        1,
        1,
        1,
        1,
        1,
        1,
        1,
        1,
        1,
        1,
        1
      ]
    }
  ]
}
