{
  "results": [
    {
      "command": "pdfbox-preflight",
      "mean": 0.12106602552,
      "stddev": 0.0047925471623592114,
      "median": 0.118819269,
      "user": 0.18580987999999996,
      "system": 0.043140959999999985,
      "min": 0.115927045,
      "max": 0.13640708,
      "times": [
        0.11876499200000001,
        0.117854288,
        0.118555399,
        0.12352927000000001,
        0.120881049,
        0.11835366100000001,
        0.11863806800000001,
        0.11825859100000001,
        0.11711484700000001,
        0.11851447400000001,
        0.12585767,
        0.118819269,
        0.127369977,
        0.115927045,
        0.11768594800000001,
        0.13640708,
        0.129641492,
        0.12315049500000001,
        0.125113621,
        0.12075786200000001,
        0.11686113100000001,
        0.122076978,
        0.119077337,
        0.11637304300000001,
        0.12106705100000001
      ],
      "memory_usage_byte": [
        56807424,
        56807424,
        56807424,
        56807424,
        56807424,
        56807424,
        56897536,
        56897536,
        56897536,
        56897536,
        56897536,
        56897536,
        56897536,
        56897536,
        56897536,
        56897536,
        56897536,
        56897536,
        56897536,
        56897536,
        56897536,
        56897536,
        56897536,
        56897536,
        56897536
      ],
      "exit_codes": [
        1,
        1,
        1,
        1,
        1,
        1,
        1,
        1,
        1,
        1,
        1,
        1,
        1,
        1,
        1,
        1,
        1,
        1,
        1,
        1,
        1,
        1,
        1,
        1,
        1
      ]
    }
  ]
}
