{
  "results": [
    {
      "command": "veraPDF",
      "mean": 0.8430032410999999,
      "stddev": 0.030165841522102863,
      "median": 0.8346821805,
      "user": 4.34787565,
      "system": 0.2759602499999999,
      "min": 0.7954556580000001,
      "max": 0.929072576,
      "times": [
        0.856038187,
        0.929072576,
        0.818873637,
        0.8637480860000001,
        0.8547224170000001,
        0.8505803860000001,
        0.860370524,
        0.818899754,
        0.7954556580000001,
        0.831892241,
        0.8831916310000001,
        0.82840807,
        0.818429276,
        0.856649285,
        0.8117714930000001,
        0.829121337,
        0.823010208,
        0.83747212,
        0.868547931,
        0.823810005
      ],
      "memory_usage_byte": [
        188284928,
        188284928,
        188284928,
        188284928,
        201150464,
        201150464,
        201150464,
        201150464,
        201150464,
        201150464,
        201150464,
        201150464,
        201150464,
        201150464,
        201150464,
        201150464,
        201150464,
        201150464,
        201150464,
        201150464
      ],
      "exit_codes": [
        0,
        0,
        0,
        0,
        0,
        0,
        0,
        0,
        0,
        0,
        0,
        0,
        0,
        0,
        0,
        0,
        0,
        0,
        0,
        0
      ]
    }
  ]
}
