{
  "results": [
    {
      "command": "veraPDF",
      "mean": 0.8440657122500002,
      "stddev": 0.024377252988939713,
      "median": 0.8428757680000001,
      "user": 4.357788899999999,
      "system": 0.26976064999999994,
      "min": 0.8103676820000001,
      "max": 0.886890303,
      "times": [
        0.8567321210000001,
        0.8553565700000001,
        0.8103676820000001,
        0.827704262,
        0.8736123450000001,
        0.8219508440000001,
        0.8712634490000001,
        0.886890303,
        0.858190966,
        0.857945335,
        0.8156696870000001,
        0.881978127,
        0.86125702,
        0.8333541320000001,
        0.8343878050000001,
        0.8513637310000001,
        0.811602526,
        0.825626009,
        0.81323352,
        0.832827811
      ],
      "memory_usage_byte": [
        191361024,
        192970752,
        192970752,
        192970752,
        192970752,
        192970752,
        192970752,
        192970752,
        192970752,
        192970752,
        192970752,
        192970752,
        192970752,
        192970752,
        192970752,
        192970752,
        192970752,
        192970752,
        192970752,
        192970752
      ],
      "exit_codes": [
        0,
        0,
        0,
        0,
        0,
        0,
        0,
        0,
        0,
        0,
        0,
        0,
        0,
        0,
        0,
        0,
        0,
        0,
        0,
        0
      ]
    }
  ]
}
