{
  "results": [
    {
      "command": "js-mupdf",
      "mean": 0.13402537286363636,
      "stddev": 0.009797362771844833,
      "median": 0.1331345015,
      "user": 0.11918909090909091,
      "system": 0.049821590909090906,
      "min": 0.115969711,
      "max": 0.16701214,
      "times": [
        0.134433995,
        0.12537030500000002,
        0.12050901800000001,
        0.138123873,
        0.13155784,
        0.140347272,
        0.13308408100000002,
        0.16701214,
        0.128669386,
        0.127088327,
        0.136012523,
        0.136101978,
        0.130849176,
        0.133184922,
        0.142479311,
        0.115969711,
        0.131674582,
        0.139200565,
        0.13994487900000002,
        0.12803230100000002,
        0.132318025,
        0.136593993
      ],
      "memory_usage_byte": [
        94490624,
        94490624,
        94490624,
        94490624,
        94490624,
        94502912,
        94502912,
        94502912,
        94502912,
        94502912,
        94502912,
        94502912,
        94502912,
        94502912,
        94502912,
        94502912,
        94502912,
        94502912,
        94502912,
        94765056,
        94765056,
        94765056
      ],
      "exit_codes": [
        0,
        0,
        0,
        0,
        0,
        0,
        0,
        0,
        0,
        0,
        0,
        0,
        0,
        0,
        0,
        0,
        0,
        0,
        0,
        0,
        0,
        0
      ]
    }
  ]
}
