{
  "results": [
    {
      "command": "pdfbox-preflight",
      "mean": 0.12169925440000004,
      "stddev": 0.004985614865123597,
      "median": 0.120712364,
      "user": 0.18704691999999998,
      "system": 0.04345999999999999,
      "min": 0.11513136800000001,
      "max": 0.136009887,
      "times": [
        0.11968126600000001,
        0.12279501000000001,
        0.11525977000000001,
        0.12267659400000001,
        0.133879316,
        0.11939922500000001,
        0.12345524100000001,
        0.11964092700000001,
        0.11812144000000001,
        0.11513136800000001,
        0.11822808600000001,
        0.121838335,
        0.119942268,
        0.115918161,
        0.11839840200000001,
        0.12013419900000001,
        0.12371008500000001,
        0.125036907,
        0.126585358,
        0.12497623000000001,
        0.120712364,
        0.12159919200000001,
        0.121446677,
        0.11790505200000001,
        0.136009887
      ],
      "memory_usage_byte": [
        56635392,
        56635392,
        56717312,
        56717312,
        56717312,
        56717312,
        56717312,
        56717312,
        56717312,
        56717312,
        56717312,
        56803328,
        56803328,
        56803328,
        56868864,
        56868864,
        56868864,
        56868864,
        56868864,
        56868864,
        56868864,
        56868864,
        56868864,
        56868864,
        56868864
      ],
      "exit_codes": [
        1,
        1,
        1,
        1,
        1,
        1,
        1,
        1,
        1,
        1,
        1,
        1,
        1,
        1,
        1,
        1,
        1,
        1,
        1,
        1,
        1,
        1,
        1,
        1,
        1
      ]
    }
  ]
}
