{
  "results": [
    {
      "command": "veraPDF",
      "mean": 0.8774688657,
      "stddev": 0.03037511562210523,
      "median": 0.8779450165,
      "user": 4.48479925,
      "system": 0.2739293,
      "min": 0.813407092,
      "max": 0.9235219160000001,
      "times": [
        0.8916147470000001,
        0.901553154,
        0.842458059,
        0.8678181760000001,
        0.8968999510000001,
        0.8553498820000001,
        0.813407092,
        0.906926926,
        0.875234909,
        0.8988994010000001,
        0.8719745870000001,
        0.915982904,
        0.8802816520000001,
        0.9128280310000001,
        0.894648737,
        0.9235219160000001,
        0.8466820420000001,
        0.8371680810000001,
        0.840518686,
        0.875608381
      ],
      "memory_usage_byte": [
        193527808,
        193527808,
        193527808,
        193527808,
        193527808,
        193527808,
        193527808,
        193527808,
        193527808,
        193527808,
        193527808,
        193527808,
        193527808,
        193527808,
        193527808,
        193527808,
        193527808,
        193527808,
        193527808,
        197488640
      ],
      "exit_codes": [
        0,
        0,
        0,
        0,
        0,
        0,
        0,
        0,
        0,
        0,
        0,
        0,
        0,
        0,
        0,
        0,
        0,
        0,
        0,
        0
      ]
    }
  ]
}
