{
  "results": [
    {
      "command": "pdfbox-preflight",
      "mean": 0.15056856400000004,
      "stddev": 0.006833464456042925,
      "median": 0.15111966500000001,
      "user": 0.23469734999999997,
      "system": 0.04855505,
      "min": 0.139497707,
      "max": 0.171881463,
      "times": [
        0.15158896000000002,
        0.154395835,
        0.14388140600000002,
        0.145786561,
        0.148827868,
        0.141516014,
        0.14870122800000002,
        0.147841212,
        0.15140028600000002,
        0.171881463,
        0.152336005,
        0.139497707,
        0.153261152,
        0.15163490400000001,
        0.154357199,
        0.14984106700000002,
        0.143424507,
        0.152884937,
        0.15747392500000001,
        0.150839044
      ],
      "memory_usage_byte": [
        51740672,
        51740672,
        51892224,
        51892224,
        51892224,
        51892224,
        51892224,
        51892224,
        52326400,
        52326400,
        52326400,
        52326400,
        52326400,
        52326400,
        52326400,
        52326400,
        52326400,
        52326400,
        52326400,
        52326400
      ],
      "exit_codes": [
        1,
        1,
        1,
        1,
        1,
        1,
        1,
        1,
        1,
        1,
        1,
        1,
        1,
        1,
        1,
        1,
        1,
        1,
        1,
        1
      ]
    }
  ]
}
