{
  "results": [
    {
      "command": "js-mupdf",
      "mean": 0.11118777038461539,
      "stddev": 0.0025942649068323473,
      "median": 0.11087189900000001,
      "user": 0.10622511538461536,
      "system": 0.03831715384615385,
      "min": 0.107322709,
      "max": 0.117418057,
      "times": [
        0.11111436000000001,
        0.10827938200000001,
        0.117418057,
        0.112113614,
        0.10992578700000001,
        0.10932689000000001,
        0.11105830000000001,
        0.10999381600000001,
        0.11238845,
        0.11372285100000001,
        0.116479525,
        0.11070004600000001,
        0.11087598300000001,
        0.107942701,
        0.11091684,
        0.11005526900000001,
        0.109216978,
        0.11394312000000001,
        0.109977419,
        0.111413248,
        0.11607251800000001,
        0.11049827200000001,
        0.11086781500000001,
        0.11166607,
        0.107322709,
        0.10759201
      ],
      "memory_usage_byte": [
        97980416,
        97980416,
        97980416,
        98717696,
        98717696,
        98717696,
        98717696,
        98717696,
        98717696,
        98717696,
        98717696,
        98717696,
        98717696,
        98717696,
        98717696,
        98717696,
        98717696,
        98717696,
        98717696,
        98717696,
        100253696,
        100253696,
        100253696,
        100253696,
        100253696,
        100253696
      ],
      "exit_codes": [
        0,
        0,
        0,
        0,
        0,
        0,
        0,
        0,
        0,
        0,
        0,
        0,
        0,
        0,
        0,
        0,
        0,
        0,
        0,
        0,
        0,
        0,
        0,
        0,
        0,
        0
      ]
    }
  ]
}
