{
  "results": [
    {
      "command": "js-mupdf",
      "mean": 0.1100507833846154,
      "stddev": 0.003322002424774818,
      "median": 0.1104592875,
      "user": 0.10471723076923077,
      "system": 0.03845034615384615,
      "min": 0.101455296,
      "max": 0.115094444,
      "times": [
        0.111960561,
        0.11032515100000001,
        0.10619948700000001,
        0.10729442400000001,
        0.11429989600000001,
        0.101455296,
        0.11274600500000001,
        0.109780976,
        0.108486284,
        0.115094444,
        0.112762126,
        0.11253914100000001,
        0.10667341400000001,
        0.11243884600000001,
        0.112477398,
        0.11399513500000001,
        0.111807872,
        0.10898553200000001,
        0.111683506,
        0.10632851,
        0.108455062,
        0.10404326800000001,
        0.10890308400000001,
        0.11059342400000001,
        0.10903325800000001,
        0.112958268
      ],
      "memory_usage_byte": [
        98570240,
        98570240,
        98570240,
        98570240,
        98799616,
        98799616,
        98799616,
        98799616,
        98799616,
        99168256,
        99168256,
        99168256,
        99168256,
        99168256,
        99168256,
        99168256,
        99168256,
        99168256,
        99168256,
        99168256,
        99168256,
        99168256,
        99168256,
        99168256,
        99168256,
        99168256
      ],
      "exit_codes": [
        0,
        0,
        0,
        0,
        0,
        0,
        0,
        0,
        0,
        0,
        0,
        0,
        0,
        0,
        0,
        0,
        0,
        0,
        0,
        0,
        0,
        0,
        0,
        0,
        0,
        0
      ]
    }
  ]
}
