{
  "results": [
    {
      "command": "js-mupdf",
      "mean": 0.11045172234615384,
      "stddev": 0.0039865206337768265,
      "median": 0.1099545975,
      "user": 0.10720869230769228,
      "system": 0.03641861538461538,
      "min": 0.10327860300000001,
      "max": 0.116757814,
      "times": [
        0.11512809600000001,
        0.113160091,
        0.109412355,
        0.10837147600000001,
        0.107160367,
        0.10501194600000001,
        0.116757814,
        0.10508368900000001,
        0.108187933,
        0.116220713,
        0.10327860300000001,
        0.114026414,
        0.11607608400000001,
        0.112121196,
        0.111061188,
        0.10952073500000001,
        0.10797625100000001,
        0.11553012800000001,
        0.10546409600000001,
        0.11038846000000001,
        0.10557081900000001,
        0.114904978,
        0.10824473700000001,
        0.111055733,
        0.11314489800000001,
        0.108885981
      ],
      "memory_usage_byte": [
        98127872,
        98136064,
        98725888,
        98725888,
        98725888,
        98725888,
        98725888,
        98725888,
        99131392,
        99131392,
        99131392,
        99131392,
        99201024,
        99201024,
        99201024,
        99201024,
        99201024,
        99201024,
        99201024,
        99201024,
        99201024,
        99201024,
        99201024,
        99201024,
        99201024,
        99201024
      ],
      "exit_codes": [
        0,
        0,
        0,
        0,
        0,
        0,
        0,
        0,
        0,
        0,
        0,
        0,
        0,
        0,
        0,
        0,
        0,
        0,
        0,
        0,
        0,
        0,
        0,
        0,
        0,
        0
      ]
    }
  ]
}
