{
  "results": [
    {
      "command": "pdfbox-preflight",
      "mean": 0.12177747616000001,
      "stddev": 0.004193691445179799,
      "median": 0.120971435,
      "user": 0.18707412,
      "system": 0.04427936,
      "min": 0.11666976400000001,
      "max": 0.135958253,
      "times": [
        0.11771332600000001,
        0.119386554,
        0.12902860800000002,
        0.120040435,
        0.12681847400000001,
        0.12146085400000001,
        0.125737164,
        0.11898718200000001,
        0.11666976400000001,
        0.12027838,
        0.12113369800000001,
        0.12371773700000001,
        0.12128188300000001,
        0.12298233700000001,
        0.11961386400000001,
        0.12120546900000001,
        0.118781967,
        0.12061704300000001,
        0.11814516700000001,
        0.12149124400000001,
        0.124951924,
        0.120971435,
        0.135958253,
        0.117708348,
        0.11975579400000001
      ],
      "memory_usage_byte": [
        56569856,
        56569856,
        56594432,
        56594432,
        56594432,
        56594432,
        56594432,
        56594432,
        56594432,
        56741888,
        56741888,
        56741888,
        56741888,
        56741888,
        56741888,
        56741888,
        56741888,
        56741888,
        56741888,
        56741888,
        56741888,
        56741888,
        56741888,
        56741888,
        56741888
      ],
      "exit_codes": [
        1,
        1,
        1,
        1,
        1,
        1,
        1,
        1,
        1,
        1,
        1,
        1,
        1,
        1,
        1,
        1,
        1,
        1,
        1,
        1,
        1,
        1,
        1,
        1,
        1
      ]
    }
  ]
}
