{
  "results": [
    {
      "command": "veraPDF",
      "mean": 0.8516343077,
      "stddev": 0.02610686353022225,
      "median": 0.847688356,
      "user": 4.3543311000000005,
      "system": 0.26836914999999995,
      "min": 0.822608886,
      "max": 0.911420038,
      "times": [
        0.8784301760000001,
        0.8331972160000001,
        0.8758966300000001,
        0.829060397,
        0.854385684,
        0.8238913760000001,
        0.867127449,
        0.835277833,
        0.848704607,
        0.822608886,
        0.8317808170000001,
        0.8243153470000001,
        0.846672105,
        0.907606094,
        0.8307020780000001,
        0.8564332440000001,
        0.858957567,
        0.837023566,
        0.911420038,
        0.859195044
      ],
      "memory_usage_byte": [
        187805696,
        187805696,
        187805696,
        187805696,
        187805696,
        187805696,
        188280832,
        188280832,
        188280832,
        188280832,
        191447040,
        191447040,
        191447040,
        191447040,
        191447040,
        191447040,
        191447040,
        191447040,
        206893056,
        206893056
      ],
      "exit_codes": [
        0,
        0,
        0,
        0,
        0,
        0,
        0,
        0,
        0,
        0,
        0,
        0,
        0,
        0,
        0,
        0,
        0,
        0,
        0,
        0
      ]
    }
  ]
}
